id,Created (UTC),Active,Currency,Url,Name
plink_1TmzbpEH6o7elwpUjIMZhTBD,2026-06-27 17:01,true,usd,https://buy.stripe.com/4gMbJ19TVefK3Pz9SH1ZS0y,Analytics Plus Add On
plink_1TmzbAEH6o7elwpUXEVv4tty,2026-06-27 17:00,true,usd,https://buy.stripe.com/aFafZh4zB6Ni4TDaWL1ZS0x,Custom Research Survey
plink_1TmzaREH6o7elwpUqwbGnomU,2026-06-27 17:00,true,usd,https://buy.stripe.com/00w8wPc234Fa0DnaWL1ZS0w,Single One Time Survey
plink_1TmzZwEH6o7elwpUoxmc14kB,2026-06-27 16:59,true,usd,https://buy.stripe.com/8x26oHaXZ5JegClgh51ZS0v,Survey Series
plink_1TmzZfEH6o7elwpU3h0sHWMQ,2026-06-27 16:59,true,usd,https://buy.stripe.com/bJe4gz5DFfjOdq9aWL1ZS0u,Property Basic Subscription
plink_1TmzY3EH6o7elwpU6GBp6zBK,2026-06-27 16:57,true,usd,https://buy.stripe.com/fZu7sLeab0oUgClfd11ZS0t,Campaign Launch Kit
plink_1TmzXhEH6o7elwpURrhnSXPy,2026-06-27 16:57,true,usd,https://buy.stripe.com/fZudR9d675Jedq95Cr1ZS0s,Civic Plus Subscription
plink_1TmzXOEH6o7elwpUNZrgqfDD,2026-06-27 16:57,true,usd,https://buy.stripe.com/cNi3cv7LN0oUeude8X1ZS0r,Civic Pro Subscription
plink_1TmzWpEH6o7elwpUipKxJp18,2026-06-27 16:56,true,usd,https://buy.stripe.com/5kQ9ATd676Nicm57Kz1ZS0q,Building Placement Pack
plink_1TmzWTEH6o7elwpUeI9fdjcs,2026-06-27 16:56,true,usd,https://buy.stripe.com/cNi5kDeab7Rm71L8OD1ZS0p,Campaign Launch Kit
plink_1TmzVZEH6o7elwpUwhrCeXfU,2026-06-27 16:55,true,usd,https://buy.stripe.com/00w8wP9TVc7Cfyhe8X1ZS0o,"Targeted Broadcast (up to 2,500)"
plink_1TmzUgEH6o7elwpUTNdlTbwt,2026-06-27 16:54,true,usd,https://buy.stripe.com/00w9AT6HJfjOadXfd11ZS0n,Nearby Broadcast (Downtown)
plink_1TmzTqEH6o7elwpUx1dlB7gG,2026-06-27 16:53,true,usd,https://buy.stripe.com/6oU9ATfefdbGgCl6Gv1ZS0m,Street Team Activation (Half Day)
plink_1TmzStEH6o7elwpUle4EYeRO,2026-06-27 16:52,true,usd,https://buy.stripe.com/4gM3cv7LNb3y2Lvgh51ZS0l,Targeted Building Activation
plink_1TmzSLEH6o7elwpUYnZueEi5,2026-06-27 16:51,true,usd,https://buy.stripe.com/14A14neab4Fa5XH6Gv1ZS0k,In-Venue Activation
plink_1TmzRTEH6o7elwpUAIzuWqvm,2026-06-27 16:50,true,usd,https://buy.stripe.com/eVq7sLaXZb3y1Hr6Gv1ZS0j,Multi-Location Activation
plink_1TmzQtEH6o7elwpUQBaGxJLU,2026-06-27 16:50,true,usd,https://buy.stripe.com/aFa4gz5DF9Zu99Tgh51ZS0i,Street Team Activation (Full Day)
plink_1TmzPhEH6o7elwpUJzcC44BV,2026-06-27 16:49,true,usd,https://buy.stripe.com/8x228rc230oUfyh8OD1ZS0h,"Building Broadcast (up to 5,000)"
plink_1TmzOFEH6o7elwpUSiaCgMm6,2026-06-27 16:47,true,usd,https://buy.stripe.com/bJeaEX0jl5Jedq97Kz1ZS0g,Targeted Broadcast (Downtown)
plink_1TmzNUEH6o7elwpUZwPps9OF,2026-06-27 16:46,true,usd,https://buy.stripe.com/7sY7sL2rtdbGcm5e8X1ZS0f,Sponsored Campaign Package
plink_1TmzMwEH6o7elwpUVc8YP5CE,2026-06-27 16:46,true,usd,https://buy.stripe.com/cNidR9gij1sYeudaWL1ZS0e,Sponsored Event Package
plink_1TmzMLEH6o7elwpUVzWB0WoX,2026-06-27 16:45,true,usd,https://buy.stripe.com/cNi7sL1np8Vq1Hr0i71ZS0d,District Sponsor Package
plink_1TmzL9EH6o7elwpUFUR1YXTN,2026-06-27 16:44,true,usd,https://buy.stripe.com/00w5kD5DFfjO3Pz6Gv1ZS0c,Seasonal Sponsor Package
plink_1TmzKNEH6o7elwpUGhRhDiSj,2026-06-27 16:43,true,usd,https://buy.stripe.com/9B67sLfef1sY2Lv8OD1ZS0b,Hospitality Basic Subscription
plink_1TmzK7EH6o7elwpUMqlK4MiP,2026-06-27 16:43,true,usd,https://buy.stripe.com/aFaeVd4zB0oUdq97Kz1ZS0a,Hospitality Pro Subscription
plink_1TmzJpEH6o7elwpUWTtendiB,2026-06-27 16:43,true,usd,https://buy.stripe.com/5kQ6oH2rt8Vq3Pz8OD1ZS09,Civic Basic Subscription
plink_1TmzJLEH6o7elwpUl58RjjMK,2026-06-27 16:42,true,usd,https://buy.stripe.com/aFa3cvgijefK2Lv3uj1ZS08,Brand Pro Subscription
plink_1TmzIAEH6o7elwpUUbFImp2K,2026-06-27 16:41,true,usd,https://buy.stripe.com/dRm8wPfefb3yeudd4T1ZS07,Brand Basic Subscription
plink_1TmzH9EH6o7elwpU9r8Y1mDo,2026-06-27 16:40,true,usd,https://buy.stripe.com/4gM3cv8PRfjO99Tfd11ZS06,Venue Pro Subscription
plink_1TmzFmEH6o7elwpUJNxMPxtq,2026-06-27 16:38,true,usd,https://buy.stripe.com/6oU5kD9TV1sYadXe8X1ZS05,Custom Partner Report
plink_1TmzDNEH6o7elwpUDvSrhuUH,2026-06-27 16:36,true,usd,https://buy.stripe.com/eVqfZh9TV4Fa71L7Kz1ZS04,Venue Pro Subscription
plink_1TmzD1EH6o7elwpUPzMvEW21,2026-06-27 16:35,true,usd,https://buy.stripe.com/7sYcN52rtdbG99T8OD1ZS03,Property Basic Subscription
plink_1TmzChEH6o7elwpUyJ85Tm9c,2026-06-27 16:35,true,usd,https://buy.stripe.com/cNi7sLfefgnSdq97Kz1ZS02,Civic Plus Subscription
plink_1TmzBcEH6o7elwpUZ6YanuVy,2026-06-27 16:34,true,usd,https://buy.stripe.com/9B6dR9fefdbG2Lvgh51ZS01,Property Pro Subscription
plink_1TmcVsEH6o7elwpUWCnrX0KA,2026-06-26 16:21,true,usd,https://buy.stripe.com/3cIbJ15DF1sY1Hr0i71ZS00,Property Plus Subscription
